{"cameraMode":{"drawMode":0,"name":"Shaded","section":"Shading Mode"},"sceneLighting":true,"audioPlay":false,"sceneViewState":{"showFog":true,"showMaterialUpdate":false,"showSkybox":true,"showFlares":true,"showImageEffects":true,"showParticleSystems":true},"in2DMode":false,"pivot":{"x":0.3555269241333008,"y":1.2402844429016114,"z":0.5677921772003174},"rotation":{"x":-0.1457933485507965,"y":0.8458575010299683,"z":-0.42151501774787905,"w":-0.29256513714790347},"size":4.096395969390869,"orthographic":false}