{"cameraMode":{"drawMode":0,"name":"Shaded","section":"Shading Mode"},"sceneLighting":true,"audioPlay":false,"sceneViewState":{"showFog":true,"showMaterialUpdate":false,"showSkybox":true,"showFlares":true,"showImageEffects":true,"showParticleSystems":true},"in2DMode":false,"pivot":{"x":-0.5878138542175293,"y":2.694678783416748,"z":-0.23842239379882813},"rotation":{"x":-0.08018317073583603,"y":0.9152133464813232,"z":-0.22718095779418946,"w":-0.32302325963974},"size":6.472509384155273,"orthographic":false}